country,degree_raw,closeness_raw,betweenness_raw,eigenvector_raw,pagerank_raw,degree_norm,closeness_norm,betweenness_norm,eigenvector_norm,pagerank_norm,composite_score,rank,is_hub,is_broker,role
United Kingdom,30,0.003663003663003663,2436.8327445973346,0.2950629614105553,0.02616360397325775,0.9666666666666667,0.002700359222098353,1,0.2950629614105553,1,0.6528859974598641,1,FALSE,FALSE,Influential
Chile,26,0.0033003300330033004,899.8361431199346,1,0.02276118610962043,0.8333333333333334,0.002337335182793642,0.36926463053935393,1,0.8614597007887081,0.6132789999688377,2,TRUE,FALSE,Hub
Turkey,31,0.0035335689045936395,1665.6670810002279,0.21552539148430774,0.021899547313771823,1,0.002570799405950735,0.6835377129157318,0.21552539148430774,0.826375328035824,0.5456018463683628,3,FALSE,FALSE,Influential
Mexico,19,0.0028735632183908046,226.50316151274504,0.9848827771860567,0.018341521638203014,0.6,0.0019101560330945639,0.0929498185769712,0.9848827771860567,0.6814989602731061,0.4722483424138456,4,FALSE,FALSE,Peripheral
Peru,19,0.0029154518950437317,388.2834227709415,0.8024252444379075,0.015029950802518885,0.6,0.0019520851818988466,0.1593393816755782,0.8024252444379075,0.5466577876651635,0.42207489979210966,5,FALSE,FALSE,Peripheral
Jordan,21,0.003076923076923077,597.2790490394585,0.21096819391732047,0.024333585687582912,0.6666666666666666,0.00211371237458194,0.2451046549516691,0.21096819391732047,0.9254849665677183,0.4100676388955913,6,FALSE,FALSE,Peripheral
Cuba,13,0.002398081534772182,12.58582197589008,0.9497640535547476,0.014179891133072033,0.4,0.001434214946883073,0.005164827993958107,0.9497640535547476,0.5120448959885602,0.3736815984968298,7,FALSE,FALSE,Peripheral
Argentina,13,0.0022471910112359553,16.0803157626687,0.9076541906483623,0.013013863393779591,0.4,0.0012831786354014006,0.006598859030567497,0.9076541906483623,0.46456635620757436,0.35602051690438113,8,FALSE,FALSE,Peripheral
Panama,17,0.002840909090909091,426.90922792229486,0.5091990814389419,0.01383925707514606,0.5333333333333333,0.0018774703557312255,0.17519020493662887,0.5091990814389419,0.49817489347917665,0.34355499670876244,9,FALSE,FALSE,Peripheral
Canada,16,0.0031446540880503146,575.4733381692059,0.40083792383429506,0.014276451304398766,0.5,0.002181508826299639,0.23615627270483758,0.40083792383429506,0.5159766514529516,0.33103047136367675,10,FALSE,FALSE,Peripheral
Colombia,14,0.0027100271002710027,172.7389341770755,0.6747235609868032,0.01222540214324764,0.43333333333333335,0.001746461909063535,0.07088665997288997,0.6747235609868032,0.43246164069552057,0.32263033137952213,11,FALSE,FALSE,Peripheral
China,16,0.002857142857142857,553.9760712021498,0.26915001402117283,0.015603757231582001,0.5,0.0018937198067632852,0.22733446619607434,0.26915001402117283,0.5700221472346796,0.313680069451738,12,FALSE,FALSE,Peripheral
Australia,15,0.003067484662576687,629.7776006209751,0.2832591627251618,0.015281464441147263,0.4666666666666667,0.0021042648409946357,0.25844104484283775,0.2832591627251618,0.5568989679515983,0.31347402140545183,13,FALSE,FALSE,Peripheral
Israel,18,0.003194888178913738,554.5907902444085,0.2769583840025448,0.013570073582913818,0.5666666666666667,0.002231791452516553,0.22758672767919072,0.2769583840025448,0.48721422872510445,0.3121315597052046,14,FALSE,FALSE,Peripheral
Brazil,11,0.0024509803921568627,148.42166421170992,0.7174889089918522,0.011289755923256636,0.3333333333333333,0.0014871649142748887,0.06090761236723094,0.7174889089918522,0.39436381953757094,0.3015161678288525,15,FALSE,FALSE,Peripheral
Venezuela,14,0.002506265664160401,83.34729216239667,0.5923796307086422,0.01112020318836894,0.43333333333333335,0.0015425036020001695,0.0342031238488504,0.5923796307086422,0.3874599389547425,0.2897837060895137,16,FALSE,FALSE,Peripheral
United States,15,0.003003003003003003,529.3001357442196,0.3019623975179841,0.0125927302566476,0.4666666666666667,0.0020397208803005907,0.2172082334816466,0.3019623975179841,0.44741857684467035,0.28705911907825366,17,FALSE,FALSE,Peripheral
Japan,15,0.0030581039755351682,527.7048158060475,0.24162027051614943,0.014004408177160744,0.4666666666666667,0.002094875090487376,0.21655356403758688,0.24162027051614943,0.5048995475355509,0.2863669847692883,18,FALSE,FALSE,Peripheral
South Korea,16,0.003257328990228013,458.69803045097456,0.29463176546681474,0.012378343732522563,0.5,0.002294292593117122,0.18823533599831466,0.29463176546681474,0.43868914548452587,0.28477010790855445,19,FALSE,FALSE,Peripheral
Tunisia,15,0.002890173410404624,783.8463002607775,0.07464806064924152,0.015253367077592178,0.4666666666666667,0.0019267822736030828,0.3216660240628461,0.07464806064924151,0.5557548941458581,0.2841324855596431,20,FALSE,FALSE,Peripheral
Ukraine,19,0.0030211480362537764,577.1653489939812,0.08802421825651398,0.013623632191224545,0.6,0.0020578834449844568,0.23685062106687702,0.08802421825651396,0.48939503834875725,0.28326555222342653,21,FALSE,FALSE,Peripheral
Singapore,15,0.0032679738562091504,562.3149720881105,0.25109957419996387,0.01191992840146259,0.4666666666666667,0.002304947743992927,0.23075649050383562,0.25109957419996387,0.4200233026417545,0.27417019635124273,22,FALSE,FALSE,Peripheral
Morocco,14,0.0029239766081871343,513.5562739580491,0.10614410411165996,0.016074581734151324,0.43333333333333335,0.001960618131480069,0.2107474446478311,0.10614410411165995,0.5891932690886632,0.26827575386259356,23,FALSE,FALSE,Peripheral
Uruguay,8,0.0019083969465648854,0.4583333333333333,0.7297745946373756,0.009214419070323167,0.23333333333333334,9.440572334697791e-4,1.8808567569912103e-4,0.7297745946373756,0.3098598579159212,0.2548199857591598,24,FALSE,FALSE,Peripheral
Moldova,19,0.0028735632183908046,271.15370710906285,0.07360588263337499,0.0130707515167762,0.6,0.0019101560330945639,0.11127300702530105,0.07360588263337497,0.4668827376449483,0.2507343566673438,25,FALSE,FALSE,Peripheral
Liberia,1,1,0,2.3069405601405744e-17,0.0071428571428672075,0,1,0,1.198110897467359e-17,0.2255096044295195,0.2451019208859039,26,FALSE,FALSE,Peripheral
Sierra Leone,1,1,0,2.4299737108854586e-17,0.007142857142861751,0,1,0,1.3211440482122432e-17,0.22550960442929732,0.24510192088585944,27,FALSE,FALSE,Peripheral
India,10,0.0025906735751295338,431.31324280294854,0.12109279915979308,0.014643176352679902,0.3,0.0016269930665064707,0.17699747500488355,0.12109279915979307,0.5309090318816242,0.22612525982256146,28,FALSE,FALSE,Peripheral
Ecuador,9,0.002380952380952381,43.69181923814181,0.5771110669624581,0.007837916839266374,0.26666666666666666,0.0014170692431562,0.017929757114028565,0.5771110669624581,0.2538111776542463,0.2233871475281112,29,FALSE,FALSE,Peripheral
Iraq,13,0.0022371364653243847,159.53623732675334,0.08159950157388289,0.014672115996837893,0.4,0.0012731143749527174,0.06546868580966779,0.08159950157388288,0.5320874018295266,0.216085740717606,30,FALSE,FALSE,Peripheral
Guatemala,11,0.00228310502283105,156.19599016325392,0.3722050236516349,0.008626894474072432,0.3333333333333333,0.0013191273465246068,0.06409795276657937,0.3722050236516349,0.2859369193996171,0.21137847129953785,31,FALSE,FALSE,Peripheral
Costa Rica,10,0.0026595744680851063,83.56170510209158,0.3967407296418502,0.008122903038018133,0.3,0.0016959605303731114,0.03429111221824928,0.3967407296418502,0.26541530002502106,0.19962862048309873,32,FALSE,FALSE,Peripheral
Egypt,11,0.002770083102493075,104.16130422111038,0.11671288693528817,0.013611882837126922,0.3333333333333333,0.001806575936408527,0.04274454389700928,0.11671288693528815,0.48891662590870383,0.19670279320214862,33,FALSE,FALSE,Peripheral
Estonia,14,0.0027472527472527475,180.68452946610304,0.04094699082440947,0.010480934550466248,0.43333333333333335,0.001783723522853958,0.0741472839556576,0.04094699082440945,0.36143007668592786,0.18232828166443643,34,FALSE,FALSE,Peripheral
El Salvador,9,0.0022988505747126436,17.667401842012193,0.3811051612235673,0.006979395575827341,0.26666666666666666,0.0013348881114998057,0.0072501495562969295,0.3811051612235673,0.2188537451803442,0.17504212214767498,35,FALSE,FALSE,Peripheral
Bulgaria,14,0.0027548209366391185,71.86490709418521,0.06106849374320467,0.009554277006487115,0.43333333333333335,0.0017912990245006056,0.029491111876067747,0.06106849374320466,0.32369825815143805,0.16987649922570885,36,FALSE,FALSE,Peripheral
Georgia,12,0.002932551319648094,298.8538699721075,0.06549428351715211,0.008608518573922223,0.36666666666666664,0.0019692011276864017,0.12264028815054785,0.0654942835171521,0.28518868599410435,0.16839182509123146,37,FALSE,FALSE,Peripheral
Lithuania,13,0.0027247956403269754,133.03907670115902,0.04051385115538888,0.009637322628902604,0.4,0.0017612447182403347,0.054595079205217494,0.040513851155388865,0.3270797256368369,0.16478998014313673,38,FALSE,FALSE,Peripheral
Zimbabwe,5,0.1111111111111111,7,1.3517404795287454e-16,0.01546988889378235,0.13333333333333333,0.11025228126677403,0.0028725812288593034,1.240857513261424e-16,0.5645712707353846,0.16220589331287028,39,FALSE,FALSE,Peripheral
Paraguay,9,0.0024691358024691358,30.298361611958303,0.3463737890380403,0.005855110450250185,0.26666666666666666,0.0015053378660464006,0.012433500690243246,0.3463737890380403,0.17307488910246327,0.16001083667269198,40,FALSE,FALSE,Peripheral
Russia,13,0.002380952380952381,38.653508638764066,0.02833708687414269,0.010146973328602085,0.4,0.0014170692431562,0.01586219190646637,0.02833708687414268,0.34783177998742404,0.15868962560223787,41,FALSE,FALSE,Peripheral
North Macedonia,12,0.0027548209366391185,18.241228624316857,0.06987988786300225,0.010054774138892579,0.36666666666666664,0.0017912990245006056,0.0074856301339348025,0.06987988786300224,0.3440775958039039,0.15798021589840167,42,FALSE,FALSE,Peripheral
Faroe Islands,9,0.0026954177897574125,236.01579317880845,0.02865554174622251,0.010631506527007313,0.26666666666666666,0.0017318384832740864,0.09685350531425496,0.0286555417462225,0.367561095131891,0.1522937294684618,43,FALSE,FALSE,Peripheral
Latvia,12,0.002717391304347826,120.83713191392005,0.03809451030326147,0.009047333503487295,0.36666666666666664,0.0017538332283133795,0.04958778241216031,0.038094510303261456,0.30305643595216986,0.15183184571251435,44,FALSE,FALSE,Peripheral
Serbia,12,0.002770083102493075,91.32494781618705,0.059406434175167694,0.00878648224726685,0.36666666666666664,0.001806575936408527,0.037476904403333476,0.05940643417516768,0.2924350447724902,0.1515583251908133,45,FALSE,FALSE,Peripheral
Syria,9,0.0025575447570332483,66.2187139632847,0.08692257204447107,0.010524762217982667,0.26666666666666666,0.0015938322398902853,0.02717409067573358,0.08692257204447106,0.3632146600072036,0.14911436432679304,46,FALSE,FALSE,Peripheral
Bolivia,7,0.0024096385542168677,53.02989668162296,0.3678695059384101,0.00513256390801828,0.2,0.0014457831325301207,0.021761812253711196,0.3678695059384101,0.14365410124900435,0.14694624051473115,47,FALSE,FALSE,Peripheral
New Zealand,9,0.002617801047120419,37.02268228508632,0.14179128086742773,0.008625437647930596,0.26666666666666666,0.0016541467486152215,0.01519295173916583,0.14179128086742773,0.2858776000750433,0.14223652921938376,48,FALSE,FALSE,Peripheral
Slovenia,12,0.002680965147453083,30.102522890955,0.05455353702112873,0.008325522334132232,0.36666666666666664,0.001717371877064149,0.012353134599694974,0.054553537021128716,0.2736655911517023,0.14179126026325134,49,FALSE,FALSE,Peripheral
Lebanon,9,0.002583979328165375,86.4900658423081,0.07362272238908363,0.009228339117642858,0.26666666666666666,0.0016202923516708486,0.03549281994591706,0.07362272238908361,0.3104266570564135,0.13756583168195033,50,FALSE,FALSE,Peripheral
Finland,10,0.0023148148148148147,149.52736634280754,0.020311536029423302,0.008419562771442414,0.3,0.0013508677759885488,0.061361357965302475,0.020311536029423292,0.27749474760604365,0.1321037018753516,51,FALSE,FALSE,Peripheral
Armenia,11,0.002457002457002457,84.2183761608405,0.02241035911927103,0.007920977610329418,0.3333333333333333,0.0014931927975406236,0.03456058949780604,0.022410359119271018,0.2571932619651643,0.12979814734262307,52,FALSE,FALSE,Peripheral
Bosnia & Herzegovina,10,0.0022522522522522522,4.182872682872682,0.056299536474953844,0.008138299765000969,0.3,0.0012882447665056361,0.001716520221646917,0.05629953647495383,0.2660422268895527,0.12506930567053182,53,FALSE,FALSE,Peripheral
Kazakhstan,11,0.00234192037470726,9.141560134052392,0.023949130482312977,0.007616914560554029,0.3333333333333333,0.00137799952482775,0.003751410577652491,0.023949130482312966,0.244812364737583,0.1214448477311419,54,FALSE,FALSE,Peripheral
Croatia,10,0.002577319587628866,14.726300466838802,0.043311713856982355,0.007635153387707912,0.3,0.0016136261766024204,0.006043213470226162,0.04331171385698234,0.24555501677869965,0.11930471405650211,55,FALSE,FALSE,Peripheral
Czechia,10,0.002680965147453083,33.99440765950238,0.04715970908338299,0.007237467340317326,0.3,0.001717371877064149,0.013950242475553922,0.047159709083382975,0.22936196048585838,0.11843785678437188,56,FALSE,FALSE,Peripheral
Albania,10,0.0027548209366391185,25.74284464763517,0.053924380758959466,0.0071104728284531685,0.3,0.0017912990245006056,0.010564058901748281,0.05392438075895945,0.22419097374143665,0.11809414248532898,57,FALSE,FALSE,Peripheral
Honduras,6,0.002506265664160401,4.669264203538397,0.2764637462356489,0.004853108759630599,0.16666666666666666,0.0015425036020001695,0.0019161201005241549,0.2764637462356489,0.13227519324139808,0.1157728459692476,58,FALSE,FALSE,Peripheral
Thailand,7,0.002583979328165375,47.79345404213646,0.15437904479176223,0.006034034384834125,0.2,0.0016202923516708486,0.019612939849112998,0.15437904479176223,0.18036034798105646,0.11119452499472052,59,FALSE,FALSE,Peripheral
Nicaragua,6,0.002145922746781116,3.6652750922912207,0.23633320738330135,0.004885658293277784,0.16666666666666666,0.0011818125272127886,0.0015041143469601873,0.23633320738330135,0.13360055135771373,0.10785727045637095,60,FALSE,FALSE,Peripheral
Malaysia,7,0.0029069767441860465,105.3270328470014,0.1153367267432035,0.005945846192182729,0.2,0.001943601842489608,0.04322292249253479,0.11533672674320349,0.1767694843404082,0.10745454708372722,61,FALSE,FALSE,Peripheral
Belarus,9,0.00228310502283105,3.623228568816803,0.022457779296342958,0.007552125214709564,0.26666666666666666,0.0013191273465246068,0.0014868597678071296,0.022457779296342947,0.24217425980199453,0.10682093857586716,62,FALSE,FALSE,Peripheral
Romania,9,0.0026666666666666666,20.007561065862202,0.050208399888438796,0.006341561794135499,0.26666666666666666,0.0017030595813204508,0.008210477764721714,0.05020839988843878,0.1928823076602651,0.10393418231228253,63,FALSE,FALSE,Peripheral
Slovakia,9,0.0026595744680851063,9.531087820650825,0.04608515418413519,0.006521106909443419,0.26666666666666666,0.0016959605303731114,0.003911260566315869,0.046085154184135176,0.20019305989399974,0.10371042036829811,64,FALSE,FALSE,Peripheral
Saudi Arabia,7,0.0022935779816513763,6.802365227365229,0.055525542392175796,0.007717430286498711,0.2,0.0013296104241457254,0.002791478094853515,0.05552554239217578,0.24890518322899827,0.10171036282803467,65,FALSE,FALSE,Peripheral
Switzerland,7,0.0028735632183908046,140.78434330145907,0.05329177160250828,0.006033230020028713,0.2,0.0019101560330945639,0.0577734945550079,0.05329177160250827,0.18032759570156492,0.09866060357843512,66,FALSE,FALSE,Peripheral
Uzbekistan,9,0.0023148148148148147,4.04453038791274,0.019369825773336145,0.006458993367017529,0.26666666666666666,0.0013508677759885488,0.001659748867409882,0.019369825773336135,0.19766390883212615,0.09734220358310547,67,FALSE,FALSE,Peripheral
Azerbaijan,9,0.0023148148148148147,3.275390682588825,0.019902210136031547,0.006412431298623638,0.26666666666666666,0.0013508677759885488,0.0013441179702836168,0.019902210136031537,0.1957679856546331,0.0970063696407207,68,FALSE,FALSE,Peripheral
Kyrgyzstan,9,0.0022988505747126436,2.2853322331263506,0.017341423516112862,0.0064153311113393525,0.26666666666666666,0.0013348881114998057,9.378289249408383e-4,0.017341423516112852,0.19588606078161422,0.09643337360016686,69,FALSE,FALSE,Peripheral
Pakistan,6,0.0022675736961451248,26.601729400867328,0.06150130515493634,0.007357885409895274,0.16666666666666666,0.0013035810137259414,0.010916518361732304,0.06150130515493633,0.23426516639953193,0.09493064751931864,70,FALSE,FALSE,Peripheral
Hungary,8,0.0026666666666666666,33.67763374714023,0.04078899299820535,0.0060325677619816834,0.23333333333333334,0.0017030595813204508,0.013820248362061945,0.040788992998205334,0.18030062975215258,0.09398925280541473,71,FALSE,FALSE,Peripheral
United Arab Emirates,7,0.0023148148148148147,20.381586457816788,0.04080556454375832,0.006554151064533628,0.2,0.0013508677759885488,0.008363966096156783,0.040805564543758305,0.20153855810052745,0.09041179130328622,72,FALSE,FALSE,Peripheral
Hong Kong SAR China,6,0.0026109660574412533,59.599349900386756,0.09944454777809504,0.005340404611509369,0.16666666666666666,0.0016473051550812932,0.02445771053943837,0.09944454777809503,0.1521169986366752,0.08886664575519129,73,FALSE,FALSE,Peripheral
Fiji,3,0.0014285714285714286,259,0.0017843570210891628,0.008181215953928395,0.06666666666666667,4.6376811594202896e-4,0.10628550546779422,0.0017843570210891518,0.2677896964518768,0.08859799874467376,74,FALSE,FALSE,Peripheral
Malawi,3,0.08333333333333333,1,7.729680463204181e-17,0.008525976319417441,0.06666666666666667,0.08244766505636071,4.1036874697990045e-4,6.620850800530965e-17,0.28182771473925616,0.0862704830418527,75,FALSE,FALSE,Peripheral
Mauritius,5,0.0027247956403269754,201.5814502067755,0.03738954475810474,0.005696630887559788,0.13333333333333333,0.0017612447182403347,0.08272272713574565,0.03738954475810473,0.16662188805616301,0.08436574760031741,76,FALSE,FALSE,Peripheral
Poland,7,0.0026666666666666666,37.88218937078804,0.036923020914543705,0.0056743796422611854,0.2,0.0017030595813204508,0.015545666584945592,0.03692302091454369,0.165715857608099,0.08397752093778174,77,FALSE,FALSE,Peripheral
Taiwan,6,0.0025,32.6291586952382,0.10372992190676301,0.004688659116746167,0.16666666666666666,0.001536231884057971,0.013389986968773226,0.103729921906763,0.12557910133161618,0.08218038175157541,78,FALSE,FALSE,Peripheral
Vietnam,5,0.0028011204481792717,8.487249705754566,0.11916233948791856,0.004470319013972184,0.13333333333333333,0.001837643269868334,0.00348290202705603,0.11916233948791854,0.11668868740233045,0.07490098110410134,79,FALSE,FALSE,Peripheral
Indonesia,5,0.002506265664160401,33.97268630062749,0.1050711225370896,0.004525447893154281,0.13333333333333333,0.0015425036020001695,0.013941328708729732,0.10507112253708958,0.11893343561468141,0.07456434475916685,80,FALSE,FALSE,Peripheral
Turkmenistan,7,0.002320185614849188,0.9094483947425123,0.017715279388356302,0.0052184151943261555,0.2,0.0013562437652016991,3.7320919819336666e-4,0.017715279388356292,0.14714981029164745,0.07331890852867975,81,FALSE,FALSE,Peripheral
South Africa,2,0.058823529411764705,0,4.392968543332218e-17,0.00835339570659286,0.03333333333333333,0.057914180164819556,0,3.2841388806590025e-17,0.2748005444453565,0.07320961158870189,82,FALSE,FALSE,Peripheral
Tajikistan,7,0.002242152466367713,0.8328754578754578,0.012394501773752968,0.005225565133953915,0.2,0.0012781352223738653,3.417860580386625e-4,0.012394501773752958,0.14744094289648088,0.07229107319012927,83,FALSE,FALSE,Peripheral
Papua New Guinea,2,0.0017421602787456446,384,0.031744712310778765,0.004756728682060045,0.03333333333333333,7.776599505125487e-4,0.15758159884028178,0.03174471231077875,0.12835077086890392,0.07035761506076206,84,FALSE,FALSE,Peripheral
Sweden,5,0.002061855670103093,70.05502249253372,0.009967825225947453,0.005848233889437862,0.13333333333333333,0.001097664226306091,0.028748391799909807,0.009967825225947443,0.17279488798835396,0.06918842051477012,85,FALSE,FALSE,Peripheral
Kosovo,6,0.002652519893899204,17.83154499957082,0.04100058378311237,0.004735050159914394,0.16666666666666666,0.001688899140173503,0.007317508778189587,0.04100058378311235,0.12746806067136623,0.06882834380790168,86,FALSE,FALSE,Peripheral
Libya,5,0.002304147465437788,5.802365227365227,0.0394802053776062,0.005246031979472498,0.13333333333333333,0.0013401901199937667,0.0023811093478736133,0.03948020537760619,0.14827431581412256,0.06496183079858589,87,FALSE,FALSE,Peripheral
Algeria,4,0.002242152466367713,2.6676249676249673,0.03654015453744726,0.005529877863853611,0.1,0.0012781352223738653,0.0010947099153765553,0.036540154537447245,0.1598320066469629,0.05974900126443211,88,FALSE,FALSE,Peripheral
Sudan,4,0.0021413276231263384,2.395238095238095,0.0481935784687746,0.0051086101707337565,0.1,0.0011772129638250113,9.829308558613806e-4,0.04819357846877459,0.14267874840769318,0.05860649413923084,89,FALSE,FALSE,Peripheral
Kuwait,4,0.0021231422505307855,2.157142857142857,0.0341304450995647,0.00448536462246718,0.1,0.0011590100208211534,8.852240113423566e-4,0.034130445099564685,0.11730131735733672,0.050695199297812986,90,FALSE,FALSE,Peripheral
Sri Lanka,4,0.0024271844660194173,46.69870925523003,0.024836145413238524,0.004163917073827568,0.1,0.0014633459969044603,0.01916369080264743,0.024836145413238513,0.10421255479080702,0.049935147400719485,91,FALSE,FALSE,Peripheral
Iceland,3,0.002127659574468085,63.27479173794061,0.018324005209918472,0.004638968834848866,0.06666666666666667,0.0011635317093226438,0.025965997000912847,0.018324005209918462,0.12355580296032613,0.04713520070942935,92,FALSE,FALSE,Peripheral
Mozambique,2,0.1,1.5,3.3088343897966604e-17,0.003981889607920002,0.03333333333333333,0.0991304347826087,6.155531204698507e-4,2.2000047271234452e-17,0.09680072573211868,0.04597600939370612,93,FALSE,FALSE,Peripheral
Iran,4,0.002277904328018223,48.47272494095263,0.010929914933372606,0.003989115237416852,0.1,0.0013139216268858737,0.0198916913967201,0.010929914933372595,0.09709494029147131,0.04584609364968998,94,FALSE,FALSE,Peripheral
Guyana,3,0.00211864406779661,3.054480286738351,0.10161095502101374,0.002689837046013228,0.06666666666666667,0.0011545074920167036,0.0012534632479436242,0.10161095502101372,0.0441906831984479,0.04297525512521772,95,FALSE,FALSE,Peripheral
Ghana,2,0.0024937655860349127,129.99999999999997,0.016533454083780114,0.00426371032442644,0.03333333333333333,0.0015299914465045116,0.05334793710738705,0.016533454083780104,0.10827595539335831,0.042604134272872664,96,FALSE,FALSE,Peripheral
France,2,0.002109704641350211,130,0.00418280314576726,0.0043717854922089286,0.03333333333333333,0.0011455594284433027,0.05334793710738706,0.004182803145767249,0.11267658067866353,0.04093724273871889,97,FALSE,FALSE,Peripheral
Norway,4,0.002136752136752137,1.3928571428571428,0.008278884364617736,0.0038002819538968608,0.1,0.001172633056691028,5.7158504043629e-4,0.008278884364617725,0.08940599065377361,0.03988581862310373,98,FALSE,FALSE,Peripheral
Trinidad & Tobago,3,0.00211864406779661,0.207258064516129,0.08232380761919848,0.0027677813748840157,0.06666666666666667,0.0011545074920167036,8.505223223696322e-5,0.08232380761919847,0.04736443524077885,0.03951889385017953,99,FALSE,FALSE,Peripheral
Bhutan,1,9.652509652509653e-4,0,0.03382049910021241,0.005220328538019913,0,0,0,0.0338204991002124,0.14722771818493124,0.03620964345702873,100,FALSE,FALSE,Peripheral
Bahrain,3,0.0024330900243309003,45.62199938604481,0.03320974428732629,0.003060041465189243,0.06666666666666667,0.0014692572610693843,0.018721842722768996,0.03320974428732627,0.0592647373145283,0.03586644965047193,101,FALSE,FALSE,Peripheral
Palestinian Territories,3,0.0024390243902439024,2.9768534668992332,0.03377444178179752,0.0029177142317035687,0.06666666666666667,0.001475197360669259,0.001221607627154211,0.033774441781797504,0.05346942988807912,0.031321468664873356,102,FALSE,FALSE,Peripheral
Namibia,1,0.058823529411764705,0,2.1318509356530018e-17,0.003993518695809868,0,0.057914180164819556,0,1.0230212729797865e-17,0.09727424114979699,0.03103768426292331,103,FALSE,FALSE,Peripheral
Botswana,1,0.07692307692307693,0,1.1088296626732154e-17,0.002532473633622294,0,0.07603121516164996,0,0,0.037783129772824976,0.022762868986894984,104,FALSE,FALSE,Peripheral
Dominican Republic,2,0.002127659574468085,0,0.05060472097118369,0.002206961275380684,0.03333333333333333,0.0011635317093226438,0,0.050604720971183674,0.024528855514002506,0.021926088305568435,105,FALSE,FALSE,Peripheral
Laos,2,0.0022371364653243847,2.075580860363469,0.02549069052183732,0.002473121541617381,0.03333333333333333,0.0012731143749527174,8.517535169228205e-4,0.02549069052183731,0.03536641997563787,0.01926306234453681,106,FALSE,FALSE,Peripheral
Macao SAR China,2,0.002105263157894737,0,0.020589254079799155,0.002526048714913769,0.03333333333333333,0.0011411136536994661,0,0.020589254079799144,0.037521518707999545,0.0185170439549663,107,FALSE,FALSE,Peripheral
Greenland,2,0.0018281535648994515,5.0798142304743115,0.0015803480181128633,0.0028857092498421107,0.03333333333333333,8.637363219669873e-4,0.0020845970006504104,0.0015803480181128522,0.05216624493518851,0.01800565192185042,108,FALSE,FALSE,Peripheral
Mauritania,2,0.002183406113537118,0,0.010098835418864036,0.002640841168208347,0.03333333333333333,0.0012193321097820813,0,0.010098835418864026,0.04219565970537478,0.017369432113470844,109,FALSE,FALSE,Peripheral
Senegal,2,0.002183406113537118,0,0.010098835418864024,0.002640841168208347,0.03333333333333333,0.0012193321097820813,0,0.010098835418864013,0.04219565970537478,0.01736943211347084,110,FALSE,FALSE,Peripheral
Qatar,2,0.0022271714922048997,2.6676249676249673,0.0163424836997192,0.0023910526703063567,0.03333333333333333,0.0012631397738398803,0.0010947099153765553,0.01634248369971919,0.032024724027919234,0.01681167815003764,111,FALSE,FALSE,Peripheral
Montenegro,2,0.0025188916876574307,0.6676517926517925,0.016955920375681624,0.0022321396650812697,0.03333333333333333,0.0015551418245537182,2.739834295694004e-4,0.016955920375681614,0.02555407398585964,0.01553449058979954,112,FALSE,FALSE,Peripheral
Cook Islands,1,0.0012048192771084338,0,9.967206216214573e-5,0.003389439758379331,0,2.397997788254468e-4,0,9.967206216213464e-5,0.07267723981340068,0.014603342330877653,113,FALSE,FALSE,Peripheral
Tonga,1,0.0012048192771084338,0,9.96720621621439e-5,0.003389439758379331,0,2.397997788254468e-4,0,9.967206216213281e-5,0.07267723981340068,0.014603342330877653,114,FALSE,FALSE,Peripheral
Nepal,1,0.0015479876160990713,0,0.01352819964008495,0.0027309885580687975,0,5.832996814286356e-4,0,0.01352819964008494,0.04586629831148429,0.011995559526599572,115,FALSE,FALSE,Peripheral
Monaco,1,0.0016556291390728477,0,2.336464116931101e-4,0.002929437405621842,0,6.910452058738843e-4,0,2.3364641169309902e-4,0.05394677631859878,0.010974293587233152,116,FALSE,FALSE,Peripheral
Burkina Faso,1,0.0018832391713747645,0,9.235390920743812e-4,0.002883505459314509,0,9.188751512504889e-4,0,9.235390920743702e-4,0.052076510572353206,0.010783784963135614,117,FALSE,FALSE,Peripheral
Suriname,1,0.0018587360594795538,0,0.04007807758899084,0.0016045559344759588,0,8.943483648510317e-4,0,0.040078077588990825,0,0.008194485190768371,118,FALSE,FALSE,Peripheral
Spain,1,0.002232142857142857,0,0.022390329955920343,0.001710111919261654,0,0.0012681159420289854,0,0.022390329955920333,0.004298048711782691,0.005591298921946402,119,FALSE,FALSE,Peripheral
Portugal,1,0.002232142857142857,0,0.022390329955920336,0.001710111919261654,0,0.0012681159420289854,0,0.022390329955920326,0.004298048711782691,0.005591298921946401,120,FALSE,FALSE,Peripheral
Cameroon,1,0.0024813895781637717,0,0.016481866287892572,0.0018127306840091085,0,0.001517603481137843,0,0.016481866287892562,0.008476499138094274,0.005295193781424936,121,FALSE,FALSE,Peripheral
Côte d’Ivoire,1,0.0024813895781637717,0,0.01648186628789257,0.0018127306840091085,0,0.001517603481137843,0,0.01648186628789256,0.008476499138094274,0.005295193781424935,122,FALSE,FALSE,Peripheral
Liechtenstein,1,0.0024813895781637717,0,0.01648186628789257,0.0018127306840091085,0,0.001517603481137843,0,0.01648186628789256,0.008476499138094274,0.005295193781424935,123,FALSE,FALSE,Peripheral
Kenya,1,0.0024813895781637717,0,0.016481866287892565,0.0018127306840091085,0,0.001517603481137843,0,0.016481866287892555,0.008476499138094274,0.005295193781424934,124,FALSE,FALSE,Peripheral
Ireland,1,0.0024813895781637717,0,0.01648186628789256,0.0018127306840091085,0,0.001517603481137843,0,0.016481866287892548,0.008476499138094274,0.0052951937814249336,125,FALSE,FALSE,Peripheral
Mongolia,1,0.002188183807439825,0,0.013496621100980896,0.0018650117014723522,0,0.001224114419814163,0,0.013496621100980885,0.0106052875740583,0.00506520461897067,126,FALSE,FALSE,Peripheral
Brunei,1,0.002188183807439825,0,0.013496621100980894,0.0018650117014723522,0,0.001224114419814163,0,0.013496621100980884,0.0106052875740583,0.005065204618970669,127,FALSE,FALSE,Peripheral
Philippines,1,0.002188183807439825,0,0.01349662110098089,0.0018650117014723522,0,0.001224114419814163,0,0.01349662110098088,0.0106052875740583,0.005065204618970668,128,FALSE,FALSE,Peripheral
Belize,1,0.0017605633802816902,0,0.020790930187175618,0.0016825002633467467,0,7.960808328230252e-4,0,0.020790930187175607,0.0031737520423309636,0.004952152612465919,129,FALSE,FALSE,Peripheral
Oman,1,0.0021598272138228943,0,0.01686726058760707,0.001740417366317606,0,0.0011957304285222401,0,0.01686726058760706,0.005532031682462004,0.00471900453971826,130,FALSE,FALSE,Peripheral
Maldives,1,0.0020833333333333333,0,0.015034399849017083,0.0017694913949515172,0,0.0011191626409017713,0,0.015034399849017072,0.006715873523074056,0.004573887202598581,131,FALSE,FALSE,Peripheral
Cambodia,1,0.002288329519450801,0,0.016457780195030792,0.001729028082223542,0,0.0013243568909671786,0,0.01645778019503078,0.005068280641457532,0.0045700835454910976,132,FALSE,FALSE,Peripheral
Madagascar,1,0.002012072434607646,0,0.002088535525849359,0.002039855822318262,0,0.0010478328910662042,0,0.002088535525849348,0.017724623819087383,0.004172198447200587,133,FALSE,FALSE,Peripheral
Afghanistan,1,0.001937984496124031,0,0.006764099820042485,0.0019012085647517585,0,9.736733700333296e-4,0,0.006764099820042474,0.01207915835366861,0.0039633863087488825,134,FALSE,FALSE,Peripheral
Niger,1,0.0021008403361344537,0,0.004169751934941713,0.0018817636974303633,0,0.0011366865586814436,0,0.0041697519349417015,0.011287398539090726,0.003318767406542774,135,FALSE,FALSE,Peripheral
Chad,1,0.00211864406779661,0,0.00592908348392232,0.0018305060422127034,0,0.0011545074920167036,0,0.005929083483922308,0.009200279562136988,0.0032567741076151998,136,FALSE,FALSE,Peripheral
Guinea,1,0.00211864406779661,0,0.005929083483922309,0.0018305060422127034,0,0.0011545074920167036,0,0.005929083483922298,0.009200279562136988,0.0032567741076151976,137,FALSE,FALSE,Peripheral
Austria,1,0.001996007984031936,0,0.0016006644995716797,0.0018929540757928244,0,0.0010317529192822084,0,0.0016006644995716687,0.011743050498596242,0.0028750935834900237,138,FALSE,FALSE,Peripheral
Yemen,1,0.0017331022530329288,0,0.004558051161928409,0.0017642784935062489,0,7.685931730841684e-4,0,0.004558051161928397,0.0065036136082338505,0.002366051588649283,139,FALSE,FALSE,Peripheral
Germany,1,0.0017793594306049821,0,0.0011345782586139718,0.001787091407005749,0,8.148950435814121e-4,0,0.0011345782586139608,0.00743251416917887,0.0018763974942748486,140,FALSE,FALSE,Peripheral
